ID,order_ID,product_ID,quantity,amount,createdAt,createdBy,modifiedAt,modifiedBy
16155792-5c17-492b-bdb5-04d08bc2018a,90820917-b0e3-43ef-a95a-496af9cb87ce,Products-6209157,29,3107516.2,2022-12-31T17:00:00.000Z,createdBy.9m9w0@example.net,2018-01-19T17:00:00.000Z,modifiedBy.9m9w0@example.com
16155793-3e30-4388-a6eb-64739cb7aa94,90820917-b0e3-43ef-a95a-496af9cb87ce,Products-3462743,74,8306219.8,2016-11-10T17:00:00.000Z,createdBy.9m9w1@example.com,2018-05-15T17:00:00.000Z,modifiedBy.9m9w1@example.net
29054670-b7c7-478e-88f6-e02bb4224133,90820926-7df2-4412-b4e8-eb6d58a43844,Products-3462744,56,1262762.68,2020-05-07T17:00:00.000Z,createdBy.haqq6@example.net,2003-04-26T17:00:00.000Z,modifiedBy.haqq6@example.com
29054671-92fb-42da-aa92-c58a751401a1,90820926-7df2-4412-b4e8-eb6d58a43844,Products-3462745,62,2441427.84,2022-10-16T17:00:00.000Z,createdBy.haqq7@example.net,2003-09-21T17:00:00.000Z,modifiedBy.haqq7@example.org
18468922-f509-4d74-a86e-1c80b57ef13f,90820932-8c3d-4775-a3a2-6712394bfef1,Products-3462746,85,2267359.07,2011-04-23T17:00:00.000Z,createdBy.azupm@example.org,2019-07-05T17:00:00.000Z,modifiedBy.azupm@example.org
18468923-303e-4041-978c-9cef7ad6e5a8,90820932-8c3d-4775-a3a2-6712394bfef1,Products-3462747,20,73092.6,2015-01-29T17:00:00.000Z,createdBy.azupn@example.net,2010-04-27T17:00:00.000Z,modifiedBy.azupn@example.org
15477047-da4b-4dec-9ae1-0efef362ee0b,90820947-a8d1-474b-9231-50eff7c85e2c,Products-3462748,7,5841126.76,2009-07-06T17:00:00.000Z,createdBy.97q5z@example.com,2012-03-16T17:00:00.000Z,modifiedBy.97q5z@example.org
15477048-8cf9-42a4-ac14-a30e8f4efc5c,90820947-a8d1-474b-9231-50eff7c85e2c,Products-3462749,18,9178281.49,2022-07-03T17:00:00.000Z,createdBy.97q60@example.org,2014-04-07T17:00:00.000Z,modifiedBy.97q60@example.com
1532340e-1aee-4af3-8f5c-d53fdd7e44ba,9082095a-c974-4342-b25b-1275514bcabc,Products-3462750,31,8373709.2,2014-08-20T17:00:00.000Z,createdBy.wud0@example.com,2005-11-15T17:00:00.000Z,modifiedBy.wud0@example.com
1532341c-99c7-4557-a60a-84eecb333c4f,9082095a-c974-4342-b25b-1275514bcabc,Products-3462751,78,1005880.05,2017-12-10T17:00:00.000Z,createdBy.wud1@example.net,2002-07-09T17:00:00.000Z,modifiedBy.wud1@example.com
16887922-89e6-40f8-839b-396a7edfc168,90820961-89bd-469e-a81c-2215cc0b9c22,Products-3462752,100,3009489.44,2020-04-28T17:00:00.000Z,createdBy.a1ysy@example.com,2015-12-17T17:00:00.000Z,modifiedBy.a1ysy@example.org
16887923-44ce-429a-adcf-e9790a5d65f9,90820961-89bd-469e-a81c-2215cc0b9c22,Products-3462753,96,9807094.48,2023-01-19T17:00:00.000Z,createdBy.a1ysz@example.org,2014-08-04T17:00:00.000Z,modifiedBy.a1ysz@example.org
22211700-e012-49be-a2bd-2f42181e8a57,90820971-0b43-4c8b-aa36-13c3ef52e65f,Products-3462754,87,7345244.18,2002-01-31T17:00:00.000Z,createdBy.d82no@example.net,2002-10-20T17:00:00.000Z,modifiedBy.d82no@example.net
22211701-10f2-4df2-b468-601824e61b5e,90820971-0b43-4c8b-aa36-13c3ef52e65f,Products-3462755,64,7344765.36,2007-03-16T17:00:00.000Z,createdBy.d82np@example.com,2014-04-28T17:00:00.000Z,modifiedBy.d82np@example.org
10554960-78d9-4b80-ac2f-334129595e90,90820987-27cc-4170-873a-eea6c1785d08,Products-3462756,62,1297094.67,2012-07-22T17:00:00.000Z,createdBy.6a89c@example.com,2004-05-29T17:00:00.000Z,modifiedBy.6a89c@example.net
10554961-374c-406e-8859-613613d9ab2f,90820987-27cc-4170-873a-eea6c1785d08,Products-3462757,42,9723611.53,2023-07-02T17:00:00.000Z,createdBy.6a89d@example.org,2020-01-19T17:00:00.000Z,modifiedBy.6a89d@example.net
15859585-0a85-41cd-aa58-f9662de9266e,9082099a-3eb7-44a1-bbe9-370e794d1cfd,Products-3462758,78,4919174.6,2003-01-17T17:00:00.000Z,createdBy.9fxc1@example.com,2015-12-19T17:00:00.000Z,modifiedBy.9fxc1@example.org
15859586-4e23-48e0-b5a3-cef73045f622,9082099a-3eb7-44a1-bbe9-370e794d1cfd,Products-3462759,73,746602.72,2012-03-01T17:00:00.000Z,createdBy.9fxc2@example.com,2019-11-23T17:00:00.000Z,modifiedBy.9fxc2@example.net
12908338-43aa-470d-95a4-969efebe1503,9082100e-09b3-4426-8d73-3ea8fb067c0e,Products-3462760,86,159943.84,2007-11-15T17:00:00.000Z,createdBy.7oo4y@example.net,2009-01-06T17:00:00.000Z,modifiedBy.7oo4y@example.net
12908339-8858-49ff-a979-f3ada11a6190,9082100e-09b3-4426-8d73-3ea8fb067c0e,Products-3462761,69,1764360.2,2010-12-31T17:00:00.000Z,createdBy.7oo4z@example.org,2014-02-26T17:00:00.000Z,modifiedBy.7oo4z@example.com
20517739-0587-4338-b703-7a86977fb402,90821018-8e42-4c6b-8c78-03c1e1896494,Products-3462762,48,9881674.91,2009-11-05T17:00:00.000Z,createdBy.c7rl7@example.org,2018-03-20T17:00:00.000Z,modifiedBy.c7rl7@example.net
20517740-bb33-45bc-9725-4a58d2ccbe67,90821018-8e42-4c6b-8c78-03c1e1896494,Products-3462753,6,3005420.16,2003-07-30T17:00:00.000Z,createdBy.c7rl8@example.com,2017-06-07T17:00:00.000Z,modifiedBy.c7rl8@example.com
18146280-4eed-4789-bdac-0952ad667b03,90821028-62b7-42cd-ae4d-877f833568da,Products-3462748,35,5857259.19,2022-06-08T17:00:00.000Z,createdBy.asxrc@example.org,2018-01-16T17:00:00.000Z,modifiedBy.asxrc@example.com
18146281-dbbb-4b93-82c7-2ff40fbf1fae,90821028-62b7-42cd-ae4d-877f833568da,Products-3462752,66,5114008.89,2014-07-09T17:00:00.000Z,createdBy.asxrd@example.org,2016-09-18T17:00:00.000Z,modifiedBy.asxrd@example.org
11349942-0f9b-413a-b8cb-f0a633c62906,9082103c-9ebd-4311-8f13-5934c3234657,Products-3462751,74,9493572.49,2023-05-14T17:00:00.000Z,createdBy.6r9o6@example.org,2006-12-03T17:00:00.000Z,modifiedBy.6r9o6@example.net
11349943-8b70-4dba-adfb-e22aac315567,9082103c-9ebd-4311-8f13-5934c3234657,Products-3462753,49,8199412.46,2003-12-04T17:00:00.000Z,createdBy.6r9o7@example.com,2005-12-06T17:00:00.000Z,modifiedBy.6r9o7@example.com
5496042f-7e39-4f22-baf5-3f9c1b451958,90821040-287f-4200-b8f5-9e31e89beda5,Products-3462759,45,4007169.85,2001-09-24T17:00:00.000Z,createdBy.39sru@example.org,2008-07-02T17:00:00.000Z,modifiedBy.39sru@example.net
5496043f-824d-46a8-adc4-52772608e713,90821040-287f-4200-b8f5-9e31e89beda5,Products-3462751,94,9882557.76,2014-06-20T17:00:00.000Z,createdBy.39srv@example.net,2005-04-04T17:00:00.000Z,modifiedBy.39srv@example.net
25891774-775c-4c42-bad7-e22067d76eff,9082105a-448e-48c5-8bc8-4c8dbb324109,Products-3462752,53,8266684.37,2002-06-04T17:00:00.000Z,createdBy.fey7y@example.org,2008-04-12T17:00:00.000Z,modifiedBy.fey7y@example.com
25891775-751f-4243-8521-5d079e927437,9082105a-448e-48c5-8bc8-4c8dbb324109,Products-3462743,31,4959251.37,2021-08-10T17:00:00.000Z,createdBy.fey7z@example.com,2012-08-29T17:00:00.000Z,modifiedBy.fey7z@example.net
23799240-118f-4c5d-b551-b41e4a352034,9082106d-ab68-47b5-bc7a-2588a9fc9b85,Products-3462758,30,8796108.2,2006-04-23T17:00:00.000Z,createdBy.e63m0@example.com,2003-06-15T17:00:00.000Z,modifiedBy.e63m0@example.org
23799241-6de1-40b3-ba9e-6ba78295615b,9082106d-ab68-47b5-bc7a-2588a9fc9b85,Products-3462743,27,9194050.9,2003-11-22T17:00:00.000Z,createdBy.e63m1@example.org,2002-07-16T17:00:00.000Z,modifiedBy.e63m1@example.org
96872685-f666-451f-9453-58b3b3cf96a0,90821079-8c22-4040-a4a1-cdbf951f6644,Products-3462761,38,6702714.02,2002-05-13T17:00:00.000Z,createdBy.5rmqs@example.com,2003-08-26T17:00:00.000Z,modifiedBy.5rmqs@example.net
96872695-82aa-4d4a-982b-cc8d609e315a,90821079-8c22-4040-a4a1-cdbf951f6644,Products-3462744,4,2753156.05,2007-12-29T17:00:00.000Z,createdBy.5rmqt@example.org,2006-08-23T17:00:00.000Z,modifiedBy.5rmqt@example.org
23326286-4e10-4797-a08c-427cb48a71b6,90821088-aeaa-494d-b469-e7e13fe0be7d,Products-3462758,53,9104508.81,2021-04-15T17:00:00.000Z,createdBy.dvyoe@example.org,2015-02-21T17:00:00.000Z,modifiedBy.dvyoe@example.net
23326287-9fff-4500-9b83-9434145abe6a,90821088-aeaa-494d-b469-e7e13fe0be7d,Products-3462743,95,2089538.18,2003-10-07T17:00:00.000Z,createdBy.dvyof@example.org,2004-06-28T17:00:00.000Z,modifiedBy.dvyof@example.org
12749575-d51e-4afc-98e4-4715dfb761d3,90821092-fea0-47b1-ac0f-1c293f6c7850,Products-3462744,3,9177550.27,2017-06-04T17:00:00.000Z,createdBy.7l9mv@example.com,2015-08-13T17:00:00.000Z,modifiedBy.7l9mv@example.org
12749576-40c3-42ba-80e3-1d1b773f005f,90821092-fea0-47b1-ac0f-1c293f6c7850,Products-3462761,7,2647353.62,2014-03-25T17:00:00.000Z,createdBy.7l9mw@example.org,2012-04-06T17:00:00.000Z,modifiedBy.7l9mw@example.org
26895843-9850-4755-8d17-a462316ba901,90821106-76a1-40f6-98b6-0e223e7e3b1f,Products-3462759,26,6297769.63,2003-07-11T17:00:00.000Z,createdBy.g0gyr@example.com,2006-09-14T17:00:00.000Z,modifiedBy.g0gyr@example.org
26895844-6368-4a73-8eb9-30260e86b0f4,90821106-76a1-40f6-98b6-0e223e7e3b1f,Products-3462743,79,2841062.12,2001-10-22T17:00:00.000Z,createdBy.g0gys@example.com,2005-01-27T17:00:00.000Z,modifiedBy.g0gys@example.org
