ID,name,email,createdAt,createdBy,modifiedAt,modifiedBy
99648153-f79e-4ae9-8883-bbeb17ad40b8,name-9964815,email-9964815,2003-10-22T17:00:00.000Z,createdBy.5xkwf@example.com,2006-11-16T17:00:00.000Z,modifiedBy.5xkwf@example.net
29924099-0d82-4f29-a897-d6aaf4095b55,name-29924099,email-29924099,2011-12-28T17:00:00.000Z,createdBy.htdkz@example.com,2010-06-11T17:00:00.000Z,modifiedBy.htdkz@example.com
29924100-c721-43ad-9d62-35ea80851ba6,name-29924100,email-29924100,2011-02-01T17:00:00.000Z,createdBy.htdl0@example.net,2020-01-05T17:00:00.000Z,modifiedBy.htdl0@example.net
29924101-d42e-4315-accb-51950306d00c,name-29924101,email-29924101,2018-01-30T17:00:00.000Z,createdBy.htdl1@example.org,2021-01-24T17:00:00.000Z,modifiedBy.htdl1@example.org
29924102-fa41-4f23-92e0-cd491e391e68,name-29924102,email-29924102,2000-12-07T17:00:00.000Z,createdBy.htdl2@example.com,2021-11-27T17:00:00.000Z,modifiedBy.htdl2@example.com
29924103-50f4-4d58-9704-60b70f020909,name-29924103,email-29924103,2000-09-07T17:00:00.000Z,createdBy.htdl3@example.com,2004-05-29T17:00:00.000Z,modifiedBy.htdl3@example.com
29924104-372d-4baf-811d-0d0d29b74d9b,name-29924104,email-29924104,2005-04-27T17:00:00.000Z,createdBy.htdl4@example.org,2008-03-14T17:00:00.000Z,modifiedBy.htdl4@example.org
29924105-5787-4dd7-a213-58178238fe79,name-29924105,email-29924105,2023-10-24T17:00:00.000Z,createdBy.htdl5@example.net,2019-03-25T17:00:00.000Z,modifiedBy.htdl5@example.com
29924106-b1cd-4c41-a527-cce990ce7cd0,name-29924106,email-29924106,2009-07-06T17:00:00.000Z,createdBy.htdl6@example.com,2014-12-07T17:00:00.000Z,modifiedBy.htdl6@example.org
29924107-f3c4-4f11-8fea-727109edbe8f,name-29924107,email-29924107,2003-10-31T17:00:00.000Z,createdBy.htdl7@example.org,2019-05-21T17:00:00.000Z,modifiedBy.htdl7@example.com
29924108-e08f-4903-b9fe-759cf91661d1,name-29924108,email-29924108,2014-03-25T17:00:00.000Z,createdBy.htdl8@example.net,2003-03-20T17:00:00.000Z,modifiedBy.htdl8@example.org
29924109-7dc7-4997-bcac-7cb78ab5fa3a,name-29924109,email-29924109,2007-12-31T17:00:00.000Z,createdBy.htdl9@example.org,2001-08-20T17:00:00.000Z,modifiedBy.htdl9@example.net
29924110-e482-4cf7-ba0d-8d030e7276d6,name-29924110,email-29924110,2013-01-25T17:00:00.000Z,createdBy.htdla@example.net,2022-10-28T17:00:00.000Z,modifiedBy.htdla@example.com
29924111-eaca-41a0-9a5a-28ad73757f23,name-29924111,email-29924111,2016-03-15T17:00:00.000Z,createdBy.htdlb@example.com,2017-10-07T17:00:00.000Z,modifiedBy.htdlb@example.com
29924112-6614-4866-9e54-e8c1b80984cf,name-29924112,email-29924112,2023-05-05T17:00:00.000Z,createdBy.htdlc@example.com,2015-12-20T17:00:00.000Z,modifiedBy.htdlc@example.org
29924113-cc60-4724-a756-d4687eb2987d,name-29924113,email-29924113,2008-12-17T17:00:00.000Z,createdBy.htdld@example.net,2000-09-14T17:00:00.000Z,modifiedBy.htdld@example.org
29924114-59fa-4304-a312-7dc385f52cff,name-29924114,email-29924114,2014-06-18T17:00:00.000Z,createdBy.htdle@example.com,2010-07-18T17:00:00.000Z,modifiedBy.htdle@example.net
29924115-5b4c-4c27-9b21-28cab39adff8,name-29924115,email-29924115,2009-01-09T17:00:00.000Z,createdBy.htdlf@example.org,2005-10-01T17:00:00.000Z,modifiedBy.htdlf@example.com
29924116-e5f2-469e-8439-eb7d11f2d84f,name-29924116,email-29924116,2021-07-31T17:00:00.000Z,createdBy.htdlg@example.net,2022-01-28T17:00:00.000Z,modifiedBy.htdlg@example.com
29924117-9587-41df-8997-e511c283945a,name-29924117,email-29924117,2021-01-20T17:00:00.000Z,createdBy.htdlh@example.net,2016-07-31T17:00:00.000Z,modifiedBy.htdlh@example.org
